Guy,Gilbert,Production Technician
Kevin,Brown,Marketing Assistant
Roberto,Tamburello,Engineering Manager
Rob,Walters,Senior Tool Designer
Thierry,D'Hers,Tool Designer
David,Bradley,Marketing Manager
JoLynn,Dobney,Production Supervisor
Ruth,Ellerbrock,Production Technician
Gail,Erickson,Design Engineer
Barry,Johnson,Production Technician
Jossef,Goldberg,Design Engineer
Terri,Duffy,Vice President of Engineering
Sidney,Higa,Production Technician
Taylor,Maxwell,Production Supervisor
Jeffrey,Ford,Production Technician
Jo,Brown,Production Supervisor
Doris,Hartwig,Production Technician
John,Campbell,Production Supervisor
Diane,Glimp,Production Technician
Steven,Selikoff,Production Technician
Peter,Krebs,Production Control Manager
Stuart,Munson,Production Technician
Greg,Alderson,Production Technician
David,Johnson,Production Technician
Zheng,Mu,Production Supervisor
Ivo,Salmre,Production Technician
Paul,Komosinski,Production Technician
Ashvini,Sharma,Network Administrator
Kendall,Keil,Production Technician
Paula,Barreto de Mattos,Human Resources Manager
Alejandro,McGuel,Production Technician
Garrett,Young,Production Technician
Jian Shuo,Wang,Production Technician
Susan,Eaton,Stocker
Vamsi,Kuppa,Shipping and Receiving Clerk
Alice,Ciccu,Production Technician
Simon,Rapier,Production Technician
Jinghao,Liu,Production Supervisor
Michael,Hines,Production Technician
Yvonne,McKay,Production Technician
Peng,Wu,Quality Assurance Supervisor
Jean,Trenary,Information Services Manager
Russell,Hunter,Production Technician
A. Scott,Wright,Master Scheduler
Fred,Northup,Production Technician
Sariya,Harnpadoungsataya,Marketing Specialist
Willis,Johnson,Recruiter
Jun,Cao,Production Technician
Christian,Kleinerman,Maintenance Supervisor
Susan,Metters,Production Technician
Reuben,D'sa,Production Supervisor
Kirk,Koenigsbauer,Production Technician
David,Ortiz,Production Technician
Tengiz,Kharatishvili,Control Specialist
Hanying,Feng,Production Technician
Kevin,Liu,Production Technician
Annik,Stahl,Production Technician
Suroor,Fatima,Production Technician
Deborah,Poe,Accounts Receivable Specialist
Jim,Scardelis,Production Technician
Carole,Poland,Production Technician
George,Li,Production Technician
Gary,Yukish,Production Technician
Cristian,Petculescu,Production Supervisor
Raymond,Sam,Production Technician
Janaina,Bueno,Application Specialist
Bob,Hohman,Production Technician
Shammi,Mohamed,Production Technician
Linda,Moschell,Production Technician
Mindy,Martin,Benefits Specialist
Wendy,Kahn,Finance Manager
Kim,Ralls,Stocker
Sandra,Reategui Alayo,Production Technician
Kok-Ho,Loh,Production Supervisor
Douglas,Hite,Production Technician
James,Kramer,Production Technician
Sean,Alexander,Quality Assurance Technician
Nitin,Mirchandani,Production Technician
Diane,Margheim,Research and Development Engineer
Rebecca,Laszlo,Production Technician
Rajesh,Patel,Production Technician
Vidur,Luthra,Recruiter
John,Evans,Production Technician
Nancy,Anderson,Production Technician
Pilar,Ackerman,Shipping and Receiving Supervisor
David,Yalovsky,Production Technician
David,Hamilton,Production Supervisor
Laura,Steele,Production Technician
Margie,Shoop,Production Technician
Zainal,Arifin,Document Control Manager
Lorraine,Nay,Production Technician
Fadi,Fakhouri,Production Technician
Ryan,Cornelsen,Production Technician
Candy,Spoon,Accounts Receivable Specialist
Nuan,Yu,Production Technician
William,Vong,Scheduling Assistant
Bjorn,Rettig,Production Technician
Scott,Gode,Production Technician
Michael,Rothkugel,Production Technician
Lane,Sacksteder,Production Technician
Pete,Male,Production Technician
Dan,Bacon,Application Specialist
David,Barber,Assistant to the Chief Financial Officer
Lolan,Song,Production Technician
Paula,Nartker,Production Technician
Mary,Gibson,Marketing Specialist
Mindaugas,Krapauskas,Production Technician
Eric,Gubbels,Production Supervisor
Ken,Sanchez,Chief Executive Officer
Jason,Watters,Production Technician
Mark,Harrington,Quality Assurance Technician
Janeth,Esteves,Production Technician
Marc,Ingle,Production Technician
Gigi,Matthew,Research and Development Engineer
Paul,Singh,Production Technician
Frank,Lee,Production Technician
Francois,Ajenstat,Database Administrator
Diane,Tibbott,Production Technician
Jill,Williams,Marketing Specialist
Angela,Barbariol,Production Technician
Matthias,Berndt,Shipping and Receiving Clerk
Bryan,Baker,Production Technician
Jeff,Hay,Production Supervisor
Eugene,Zabokritski,Production Technician
Barbara,Decker,Production Technician
Chris,Preston,Production Technician
Sean,Chai,Document Control Assistant
Dan,Wilson,Database Administrator
Mark,McArthur,Production Technician
Bryan,Walton,Accounts Receivable Specialist
Houman,Pournasseh,Production Technician
Sairaj,Uddin,Scheduling Assistant
Michiko,Osada,Production Technician
Benjamin,Martin,Production Technician
Cynthia,Randall,Production Supervisor
Kathie,Flood,Production Technician
Britta,Simon,Production Technician
Brian,Lloyd,Production Technician
David,Liu,Accounts Manager
Laura,Norman,Chief Financial Officer
Michael,Patten,Production Technician
Andy,Ruth,Production Technician
Yuhong,Li,Production Supervisor
Robert,Rounthwaite,Production Technician
Andreas,Berglund,Quality Assurance Technician
Reed,Koch,Production Technician
Linda,Randall,Production Technician
James,Hamilton,Vice President of Production
Ramesh,Meyyappan,Application Specialist
Stephanie,Conroy,Network Manager
Samantha,Smith,Production Technician
Tawana,Nusbaum,Production Technician
Denise,Smith,Production Technician
Hao,Chen,Human Resources Administrative Assistant
Alex,Nayberg,Production Technician
Eugene,Kogan,Production Technician
Brandon,Heidepriem,Production Technician
Dylan,Miller,Research and Development Manager
Shane,Kim,Production Supervisor
John,Chen,Production Technician
Karen,Berge,Document Control Assistant
Jose,Lugo,Production Technician
Mandar,Samant,Production Technician
Mikael,Sandberg,Buyer
Sameer,Tejani,Production Technician
Dragan,Tomic,Accounts Payable Specialist
Carol,Philips,Production Technician
Rob,Caron,Production Technician
Don,Hall,Production Technician
Alan,Brewer,Scheduling Assistant
David,Lawrence,Production Technician
Baris,Cetinok,Production Technician
Michael,Ray,Production Supervisor
Steve,Masters,Production Technician
Suchitra,Mohan,Production Technician
Karen,Berg,Application Specialist
Terrence,Earls,Production Technician
Barbara,Moreland,Accountant
Chad,Niswonger,Production Technician
Rostislav,Shabalin,Production Technician
Belinda,Newman,Production Technician
Katie,McAskill-White,Production Supervisor
Russell,King,Production Technician
Jack,Richins,Production Supervisor
Andrew,Hill,Production Supervisor
Nicole,Holliday,Production Technician
Frank,Miller,Production Technician
Peter,Connelly,Network Administrator
Anibal,Sousa,Production Technician
Ken,Myer,Production Technician
Grant,Culbertson,Human Resources Administrative Assistant
Michael,Entin,Production Technician
Lionel,Penuchot,Production Technician
Thomas,Michaels,Production Technician
Jimmy,Bischoff,Stocker
Michael,Vanderhyde,Production Technician
Lori,Kane,Production Supervisor
Arvind,Rao,Buyer
Stefen,Hesse,Production Technician
Hazem,Abolrous,Quality Assurance Manager
Janet,Sheperdigian,Accounts Payable Specialist
Elizabeth,Keyser,Production Technician
Terry,Eminhizer,Marketing Specialist
John,Frum,Production Technician
Merav,Netz,Production Technician
Brian,LaMee,Scheduling Assistant
Kitti,Lertpiriyasuwat,Production Technician
Jay,Adams,Production Technician
Jan,Miksovsky,Production Technician
Brenda,Diaz,Production Supervisor
Andrew,Cencini,Production Technician
Chris,Norred,Control Specialist
Chris,Okelberry,Production Technician
Shelley,Dyck,Production Technician
Gabe,Mares,Production Technician
Mike,Seamans,Accountant
Michael,Raheem,Research and Development Manager
Gary,Altman,Facilities Manager
Charles,Fitzgerald,Production Technician
Ebru,Ersan,Production Technician
Sylvester,Valdez,Production Technician
Brian,Goldstein,Production Technician
Linda,Meisner,Buyer
Betsy,Stadick,Production Technician
Magnus,Hedlund,Facilities Administrative Assistant
Karan,Khanna,Production Technician
Mary,Baker,Production Technician
Kevin,Homer,Production Technician
Mihail,Frintu,Production Technician
Bonnie,Kearney,Production Technician
Fukiko,Ogisu,Buyer
Hung-Fu,Ting,Production Technician
Gordon,Hee,Buyer
Kimberly,Zimmerman,Production Technician
Kim,Abercrombie,Production Technician
Sandeep,Kaliyath,Production Technician
Prasanna,Samarawickrama,Production Technician
Frank,Pellow,Buyer
Min,Su,Production Technician
Eric,Brown,Production Technician
Eric,Kurjan,Buyer
Pat,Coleman,Janitor
Maciej,Dusza,Production Technician
Erin,Hagens,Buyer
Patrick,Wedge,Production Technician
Frank,Martinez,Production Technician
Ed,Dudenhoefer,Production Technician
Christopher,Hill,Production Technician
Patrick,Cook,Production Technician
Krishna,Sunkammurali,Production Technician
Lori,Penor,Janitor
Danielle,Tiedt,Production Technician
Sootha,Charncherngkha,Quality Assurance Technician
Michael,Zwilling,Production Technician
Randy,Reeves,Production Technician
John,Kane,Production Technician
Jack,Creasey,Production Technician
Olinda,Turner,Production Technician
Stuart,Macrae,Janitor
Jo,Berry,Janitor
Ben,Miller,Buyer
Tom,Vande Velde,Production Technician
Ovidiu,Cracium,Senior Tool Designer
Annette,Hill,Purchasing Assistant
Janice,Galvin,Tool Designer
Reinout,Hillmann,Purchasing Assistant
Michael,Sullivan,Senior Design Engineer
Stephen,Jiang,North American Sales Manager
Wanida,Benshoof,Marketing Assistant
Sharon,Salavaria,Design Engineer
John,Wood,Marketing Specialist
Mary,Dempsey,Marketing Assistant
Brian,Welcker,Vice President of Sales
Sheela,Word,Purchasing Manager
Michael,Blythe,Sales Representative
Linda,Mitchell,Sales Representative
Jillian,Carson,Sales Representative
Garrett,Vargas,Sales Representative
Tsvi,Reiter,Sales Representative
Pamela,Ansman-Wolfe,Sales Representative
Shu,Ito,Sales Representative
Jose,Saraiva,Sales Representative
David,Campbell,Sales Representative
Amy,Alberts,European Sales Manager
Jae,Pak,Sales Representative
Ranjit,Varkey Chudukatil,Sales Representative
Tete,Mensa-Annan,Sales Representative
Syed,Abbas,Pacific Sales Manager
Rachel,Valdez,Sales Representative
Lynn,Tsoflias,Sales Representative
Svetlin,Nakov,Independent Software Development  Consultant
Martin,Kulov,Independent .NET Consultant
George,Denchev,Independent Java Consultant
